{"Louisville": 1607.0944475843905, "New Mexico State": 1297.3465578351627, "Nebraska": 1592.9320072751955, "TCU": 1668.6688377495695, "Wisconsin": 1726.2708953251051, "Virginia": 1542.0880615422604, "BYU": 1610.5696682918162, "Tulane": 1422.6386240672489, "Oklahoma": 1806.655821022029, "North Carolina": 1567.0349875332008, "Syracuse": 1527.7236672177846, "Georgia Tech": 1586.6720678586798, "Colorado": 1499.0357175447307, "Fresno State": 1525.8822917984603, "Temple": 1532.504930969708, "Navy": 1565.8064932804796, "Toledo": 1557.7679247150868, "Minnesota": 1593.101571910054, "Akron": 1348.2754661912527, "Ohio": 1506.2327935868434, "Arkansas": 1538.4243850897235, "UNLV": 1381.8331980704784, "Western Michigan": 1507.4772513911257, "Illinois State": 1454.5304186913572, "Buffalo": 1437.7573836079687, "Rutgers": 1454.7090720260635, "Central Michigan": 1457.6266567847265, "Eastern Kentucky": 1390.7294498528552, "Northern Illinois": 1543.8842143453082, "South Florida": 1538.4943466510942, "UAB": 1476.3251502072862, "Montana State": 1430.2922451597033, "Tulsa": 1467.59523924889, "Indiana State": 1408.134135880158, "Vanderbilt": 1500.0783936492776, "Middle Tennessee": 1458.995669687125, "Washington State": 1579.9925407784199, "Idaho": 1329.9316976436057, "San Diego State": 1583.405138482147, "Arizona": 1538.9051084128184, "Maryland": 1504.0988663497408, "Southern Mississippi": 1470.3356525847846, "Oklahoma State": 1703.8377346676061, "Virginia Tech": 1644.2626183457176, "Connecticut": 1371.6482000987291, "Boston College": 1577.7293830054923, "West Virginia": 1650.5177632357354, "Iowa": 1658.8311928742626, "Kent State": 1369.1665188911718, "Troy": 1509.0505841525583, "Kentucky": 1581.415668568762, "Georgia": 1780.8211101214185, "Arkansas State": 1519.3287533444488, "Clemson": 1841.848708701025, "UCF": 1624.6718388603078, "Louisiana": 1505.0341183883602, "Nicholls": 1389.7808793508007, "California": 1569.645203842333, "Illinois": 1460.402957192991, "Air Force": 1554.0525194304391, "Michigan": 1688.9147604142374, "Miami (OH)": 1411.1509124285953, "Colorado State": 1464.3181852681498, "Tennessee": 1612.8512947800857, "Wyoming": 1484.1719474619963, "Furman": 1440.5577864328563, "Richmond": 1451.5825926501657, "Auburn": 1703.128925211963, "Ball State": 1401.0781268710273, "The Citadel": 1423.3435465903442, "Duke": 1520.7926084506182, "Florida State": 1671.0260302031043, "Pittsburgh": 1598.7760317355132, "East Tennessee State": 1472.5837970403609, "Eastern Michigan": 1374.8016211038057, "Southeast Missouri State": 1413.4853535777736, "USC": 1693.3512902814523, "San Jos\u00e9 State": 1395.310006208522, "East Carolina": 1453.9126068033627, "Wake Forest": 1544.2261646627855, "Texas": 1665.519233973493, "Louisiana Monroe": 1387.7562774607857, "Sam Houston State": 1432.571916952938, "Kansas": 1394.720220087898, "Missouri State": 1415.7169356162933, "Ole Miss": 1569.7571484812972, "Murray State": 1401.9553731259311, "South Carolina": 1616.350105641137, "Boise State": 1724.0337224808493, "Texas A&M": 1672.734294309033, "McNeese": 1459.5224990722318, "Florida": 1715.2527959869838, "Marshall": 1552.594456415591, "Missouri": 1615.9631806583275, "Bowling Green": 1417.1958734776615, "Alabama": 1870.9975511890195, "UCLA": 1559.4206643617833, "LSU": 1790.0119748077907, "Oregon": 1717.110555482937, "Penn State": 1698.4372408018057, "Miami": 1638.5530173331802, "Utah": 1673.8532745995542, "Utah State": 1524.7169827461598, "Houston": 1566.6554368398224, "Rice": 1370.1843948105561, "Louisiana Tech": 1541.1813307001223, "SMU": 1495.8756482742094, "North Texas": 1406.5977744745364, "New Mexico": 1387.7113675780056, "UTEP": 1310.0847303580892, "Nevada": 1497.1792239865151, "Cincinnati": 1614.7367481436343, "Purdue": 1481.564631997725, "Oregon State": 1483.741094313068, "Mississippi State": 1621.887026108235, "Memphis": 1558.4764113637523, "NC State": 1589.378582237223, "Indiana": 1505.2078889580273, "Northwestern": 1592.888474794923, "Ohio State": 1843.9765954686666, "Army": 1466.3981807040152, "Eastern Washington": 1446.923685971537, "Wofford": 1421.0487632568697, "Michigan State": 1660.9069750584454, "Tennessee Tech": 1414.1087150600815, "Washington": 1653.5540953760146, "Bucknell": 1483.2387004124994, "Appalachian State": 1593.8039204408692, "Kansas State": 1647.9197207393304, "Western Carolina": 1404.5012641271564, "Baylor": 1629.1406502367447, "UMass": 1315.7381717400465, "Iowa State": 1560.7009594770534, "Northern Iowa": 1445.3504018555439, "Texas State": 1344.2399669606473, "Texas Tech": 1562.1183959866678, "Chattanooga": 1432.9131525067223, "Notre Dame": 1732.1334609538185, "Texas Southern": 1434.1006731595562, "Arizona State": 1602.9162585090662, "Stanford": 1668.9488924000111, "Hawai'i": 1479.7189831668102, "Montana": 1484.2474182568135, "William & Mary": 1429.7242606091024, "Jacksonville State": 1452.973602384096, "Northwestern State": 1409.239886052264, "Western Kentucky": 1497.345606351707, "Southern": 1426.271247547484, "Weber State": 1398.6214494882697, "Eastern Illinois": 1426.3440064379522, "Liberty": 1478.641971548398, "Idaho State": 1386.7783134881097, "Cal State Northridge": 1494.936162864818, "Southern Utah": 1407.691263238357, "Western Illinois": 1441.9566484786806, "Northern Arizona": 1424.644685249254, "Southern Illinois": 1435.1294649257873, "Stephen F. Austin": 1417.3683137533021, "Youngstown State": 1448.8273825362378, "Cal Poly": 1426.0735444161012, "Florida Atlantic": 1479.7992622207512, "New Hampshire": 1472.3190011605961, "Lehigh": 1495.3535145470032, "Villanova": 1460.4404016893454, "Florida A&M": 1422.0652338369623, "Jackson State": 1452.7187641045546, "Sacramento State": 1423.0511770656167, "Holy Cross": 1485.8027352055678, "Samford": 1438.2953073446267, "Northeastern": 1475.691273193038, "Rhode Island": 1421.8426203645267, "Portland State": 1423.2321233421576, "UT Martin": 1401.4455762832822, "Austin Peay": 1411.7307140007395, "Charleston Southern": 1423.1141563035303, "Grambling": 1417.9243296466695, "VMI": 1403.0100464128855, "Hofstra": 1481.971657047927, "James Madison": 1465.345890707838, "Western New Mexico": 1494.922242891705, "Colgate": 1462.9410759646203, "Howard": 1414.4540141589778, "Southeastern Louisiana": 1390.153666118611, "Florida International": 1424.9509832762126, "Delaware": 1468.3167397411098, "Georgia Southern": 1489.6725624182122, "Morgan State": 1409.8886473955677, "North Carolina A&T": 1488.307018572889, "Maine": 1432.812781463235, "Tennessee State": 1473.2134941252673, "Virginia Union": 1494.6559593279787, "Northern Colorado": 1440.5745535854567, "Savannah State": 1435.8410689631794, "Bethune-Cookman": 1465.8745432828455, "Edward Waters": 1495.0446048963709, "UC Davis": 1438.2505038423978, "Alcorn State": 1423.9277092524503, "Alabama State": 1450.8827637836116, "North Dakota State": 1529.0567723689162, "South Carolina State": 1431.1158222606466, "Central Arkansas": 1451.0397840949327, "Gardner-Webb": 1426.5283321864194, "Elon": 1445.1261854932757, "West Virginia Tech": 1494.6005875223748, "Norfolk State": 1437.4085697867674, "Delaware State": 1451.9888858124723, "Central Connecticut": 1476.2760968127302, "Arkansas-Pine Bluff": 1458.475855363455, "North Carolina Central": 1437.1606724518188, "Morehead State": 1494.8177535382042, "South Dakota State": 1469.5239941872169, "Coastal Carolina": 1448.3794630827801, "Towson": 1456.586849857743, "Alabama A&M": 1450.5679934769116, "North Dakota": 1459.5927851086142, "Mississippi Valley State": 1479.7761811907494, "Prairie View": 1453.440996347353, "Presbyterian College": 1438.282494415315, "Hampton": 1475.3558045202865, "South Dakota": 1473.6677553279392, "Stony Brook": 1452.5513288675193, "Georgia State": 1407.462978029845, "Fordham": 1463.6412985850218, "South Alabama": 1386.2191943188764, "Wagner": 1442.8888945527797, "UT San Antonio": 1428.0999836757842, "Lamar": 1460.7724870479683, "Texas A&M-Commerce": 1495.0697063191797, "Northwestern Oklahoma State": 1495.2081590131945,